use avaliacaoa3;

INSERT INTO cliente(nome,sexo,endereco,email,telefone) VALUES
('Nathan', 'M', 'Av. Jequinha Barreto, Número 646', 'Nathan1969@gmail.com.br', '98700-5254'),
('Marcela', 'F', 'Av. Bernado Vieira de Melo, Número 432', 'Marcela1963@gmail.com.br', '96872-2666'),
('Carlos', 'M', 'Av. Ulisses Montarroyos, Número 604', 'Carlos1952@gmail.com.br', '92972-7114'),
('Lucas', 'M', 'Rua 13 de Março, Número 493', 'Lucas1975@gmail.com.br', '99349-1294'),
('Pedro', 'M', 'Rua da Aurora, Número 768', 'Pedro2005@gmail.com.br', '97158-1057'),
('Matheus', 'M', 'Rua Dom Vital, Número 901', 'Matheus1955@gmail.com.br', '97018-1735'),
('Gabriel', 'M', 'Rua da Aurora, Número 542', 'Gabriel1980@gmail.com.br', '95172-6710'),
('Felipe', 'M', 'Av. Bernado Vieira de Melo, Número 533', 'Felipe1987@gmail.com.br', '93346-1328'),
('Valdênia', 'F', 'Av. Bernado Vieira de Melo, Número 729', 'Valdênia1986@gmail.com.br', '98650-1480'),
('Ricardo', 'M', 'Av. Ulisses Montarroyos, Número 350', 'Ricardo1963@gmail.com.br', '91037-7972'),
('Marcio', 'M', 'Rua Curva do S, Número 824', 'Marcio2018@gmail.com.br', '97387-7086'),
('Batimann', 'M', 'Rua Curva do S, Número 836', 'Batimann1971@gmail.com.br', '93090-3340'),
('Mirella', 'F', 'Av. Dom Fradon, Número 341', 'Mirella1950@gmail.com.br', '95013-3955'),
('Valdisnei', 'M', 'Av. Ulisses Montarroyos, Número 226', 'Valdisnei1955@gmail.com.br', '93051-2842'),
('Thiago', 'M', 'Av. Jequinha Barreto, Número 201', 'Thiago2008@gmail.com.br', '99346-6702'),
('Jucelina', 'F', 'Av. Governador Agamenon Magalhães, Número 111', 'Jucelina1970@gmail.com.br', '98795-7875'),
('Marcos', 'M', 'Av. Bernado Vieira de Melo, Número 377', 'Marcos1956@gmail.com.br', '94306-6483'),
('Abílio', 'M', 'Rua. Monteiro, Número 843', 'Abílio1973@gmail.com.br', '96833-1402'),
('João', 'M', 'Av. Governador Agamenon Magalhães, Número 872', 'João2001@gmail.com.br', '97532-4104'),
('Rubens', 'M', 'Rua Dom Vital, Número 240', 'Rubens2001@gmail.com.br', '96857-8374');

INSERT INTO funcionario (nome,cpf,cargo,login,senha) VALUES
('Valdênia', '648.821.514-80', 'Vendedor', 'Valdênia437', 'Sh#OxR2K$Q'),
('Marcela', '896.870.363-13', 'Vendedor', 'Marcela246', 'VVaaGmp8B5'),
('Mirella', '486.479.684-16', 'Vendedor', 'Mirella113', 'ykSf!g1$S0'),
('Pedro', '462.852.785-84', 'Vendedor', 'Pedro970', 'OJ8wTKrIa9'),
('Marcos', '538.990.860-77', 'Vendedor', 'Marcos961', 'I4Q#s16agg'),
('Marcio', '908.142.467-31', 'Marketing', 'Marcio562', 'sgk0n#vwi9'),
('Abílio', '813.841.641-50', 'Marketing', 'Abílio815', 'HIlNu8SB0%'),
('Valdisnei', '417.630.473-96', 'Recepcionista', 'Valdisnei309', 'OTw0JqIKqk'),
('Nathan', '105.300.122-70', 'Segurança', 'Nathan359', 'yud&rJ(WH('),
('Matheus', '576.247.340-38', 'Marketing', 'Matheus633', '69cY5q2*)F'),
('Felipe', '807.539.769-52', 'Marketing', 'Felipe949', 'K2kB4IgjMZ'),
('Rubens', '815.432.593-51', 'Gerente', 'Rubens879', 'T@1lzrXw)p'),
('João', '930.704.562-15', 'Marketing', 'João61', '(8ikVQ5wNX'),
('Carlos', '501.423.339-59', 'Zelador', 'Carlos280', 'WEBl&*enA!'),
('Batimann', '864.210.462-36', 'Técnico de TI', 'Batimann636', 'Y&&t84m32r'),
('Gabriel', '283.192.525-40', 'Administrador', 'Gabriel349', 'GJ!R7D45!c'),
('Jucelina', '459.962.103-58', 'Gerente', 'Jucelina338', '@Dg(tkacF6'),
('Ricardo', '827.949.908-53', 'Gerente', 'Ricardo809', '#5WpOu20)W'),
('Thiago', '610.512.935-86', 'Vendedor', 'Thiago285', ')VJNd7lz@t'),
('Lucas', '388.878.917-69', 'Gerente', 'Lucas834', 'N4iuujDs3f');

INSERT INTO fornecedor (nome,cnpj) VALUES
('Coller', 730565502476969),
('Logitec', 140763392988757),
('Goldentec', 147384163144353),
('LG', 053949160051648),
('Panasonic', 369111759749008),
('HyperX', 024185212710525),
('Multilaser', 074770908401252),
('AOC', 846064313039203),
('CCE', 532282893884250),
('Motorola', 037844003901950),
('Samsumg', 539857844490978),
('INTEL', 317646749373537),
('Nokia', 322275321450853),
('Corsair', 839739426992254),
('Frotrek', 430101866624721),
('AMD', 262957937647834),
('Lenovo', 092073681765713),
('Razer', 386360150187291),
('Xiaomi', 537635722108884),
('Philips', 550587516432561);

INSERT INTO peca (descricao,precoCusto,precoVenda,fabricante,modelo) VALUES
('Mouse', 635.00, '952.50', 'AMD', 'X-6755'),
('Monitor', 466.00, '605.80', 'Panasonic', 'X-8384'),
('Placa de Vídeo', 759.00, '872.85', 'Motorola', 'AI-4441'),
('Teclado', 899.00, '1078.80', 'Corsair', 'Y-2469'),
('Monitor', 806.00, '846.30', 'INTEL', 'X-1425'),
('Mouse', 1985.00, '2779.00', 'Razer', 'N-5264'),
('HD', 2039.00, '2650.70', 'AOC', 'N-1580'),
('CPU', 1392.00, '1740.00', 'AMD', 'I-6213'),
('Teclado', 1580.00, '2370.00', 'AOC', ' XÆA-5083'),
('Mouse', 1664.00, '2496.00', 'HyperX', 'Y-2065'),
('Placa de Vídeo', 978.00, '1124.70', 'Panasonic', 'Y-8192'),
('CPU', 1452.00, '1887.60', 'CCE', 'Y-6269'),
('Placa de Vídeo', 450.00, '517.50', 'Lenovo', 'N-1601'),
('Mouse', 1632.00, '2121.60', 'Nokia', 'Y-9345'),
('HD', 451.00, '541.20', 'Razer', 'AI-9133'),
('CPU', 1191.00, '1786.50', 'Frotrek', 'N-6814'),
('RAM', 467.00, '490.35', 'Corsair', ' XÆA-7861'),
('SSD', 927.00, '1205.10', 'INTEL', ' XÆA-9450'),
('Teclado', 1512.00, '1965.60', 'Nokia', 'AI-3409'),
('SSD', 1533.00, '1686.30', 'Motorola', 'X-2085');

INSERT INTO compraFuncionario (idCompraFuncionario,idCompraFornecedor,dataCompra) VALUES
('5','16', '2013/08/03'),
('5','9', '2017/11/11'),
('2','15', '2013/03/04'),
('3','4', '2017/04/29'),
('5','3', '2014/08/09'),
('1','20', '2012/05/09'),
('1','11', '2010/11/02'),
('5','2', '2016/09/27'),
('2','16', '2012/11/19'),
('4','9', '2014/11/01'),
('5','10', '2014/10/09'),
('5','12', '2011/05/03'),
('5','9', '2012/07/01'),
('19','6', '2013/12/24'),
('1','2', '2014/01/23'),
('5','10', '2018/08/17'),
('2','9', '2013/02/23'),
('19','16', '2010/02/07'),
('4','12', '2011/03/10'),
('2','18', '2012/11/04');

insert into venda(idCodigoCliente, idCodigoFuncionario, dataVenda, precoVenda, idItemVendido) values
('19','11','2013/03/11','952.50', '5'),
('14','13','2011/12/09','605.80','15'),
('2','8','2005/02/18','759.00', '10'),
('7','7','2016/09/20','1078.80','6'),
('14','8','2012/12/26','846.30','8'),
('16','9','2008/11/03','2779.00','7'),
('13','6','2018/08/14','2650.70','6'),
('5','5','2006/04/04','1740.00','5'),
('12','3','2007/01/31','2370.00','4'),
('4','18','2019/11/19','2496.00','3'),
('8','20','2014/11/16','978.00','2'),
('9','17','2005/04/27','1887.60','1'),
('10','13','2013/05/20','450.00','14'),
('12','11','2019/11/27','2121.60','15'),
('16','12','2014/06/07','541.20','16'),
('2','10','2014/10/11','1786.50','17'),
('5','10','2003/05/03','490.35','18'),
('7','9','2009/07/15','1205.10','19'),
('5','7','2010/06/12','1965.60','20'),
('1','4','2008/06/08','1686.30','12');

insert into estoque (idItem,qtdItem) values
('1','10'),
('2','8'),
('3','3'),
('4','2'),
('5','14'),
('6','16'),
('7','5'),
('8','9'),
('9','74'),
('10','6'),
('11','3'),
('12','4'),
('13','5'),
('14','7'),
('15','18'),
('16','12'),
('17','1'),
('18','20'),
('19','8'),
('20','7');
